,id,value
0,root,nil
1,root.page-1,nil
2,root.page-10,nil
3,root.page-11,nil
4,root.page-11.sub1-1,nil
5,root.page-11.sub1-1.sub2-1,nil
6,root.page-11.sub1-1.sub2-2,nil
7,root.page-11.sub1-1.sub2-3,nil
8,root.page-11.sub1-1.sub2-4,nil
9,root.page-11.sub1-1.sub2-5,nil
10,root.page-11.sub1-2,nil
11,root.page-11.sub1-2.sub2-1,nil
12,root.page-11.sub1-2.sub2-2,nil
13,root.page-11.sub1-2.sub2-3,nil
14,root.page-11.sub1-2.sub2-4,nil
15,root.page-11.sub1-2.sub2-5,nil
16,root.page-11.sub1-3,nil
17,root.page-11.sub1-3.sub2-1,nil
18,root.page-11.sub1-3.sub2-2,nil
19,root.page-11.sub1-3.sub2-3,nil
20,root.page-11.sub1-3.sub2-4,nil
21,root.page-11.sub1-3.sub2-5,nil
22,root.page-11.sub1-4,nil
23,root.page-11.sub1-4.sub2-1,nil
24,root.page-11.sub1-4.sub2-2,nil
25,root.page-11.sub1-4.sub2-3,nil
26,root.page-11.sub1-5,nil
27,root.page-11.sub1-5.sub2-1,nil
28,root.page-11.sub1-5.sub2-2,nil
29,root.page-11.sub1-5.sub2-3,nil
30,root.page-11.sub1-5.sub2-4,nil
31,root.page-11.sub1-5.sub2-5,nil
32,root.page-12,nil
33,root.page-12.sub1-1,nil
34,root.page-12.sub1-1.sub2-1,nil
35,root.page-12.sub1-1.sub2-2,nil
36,root.page-12.sub1-1.sub2-3,nil
37,root.page-12.sub1-1.sub2-4,nil
38,root.page-12.sub1-1.sub2-5,nil
39,root.page-12.sub1-2,nil
40,root.page-12.sub1-3,nil
41,root.page-12.sub1-3.sub2-1,nil
42,root.page-12.sub1-3.sub2-2,nil
43,root.page-12.sub1-3.sub2-3,nil
44,root.page-12.sub1-4,nil
45,root.page-12.sub1-4.sub2-1,nil
46,root.page-12.sub1-4.sub2-2,nil
47,root.page-12.sub1-4.sub2-3,nil
48,root.page-12.sub1-4.sub2-4,nil
49,root.page-12.sub1-4.sub2-5,nil
50,root.page-12.sub1-5,nil
51,root.page-12.sub1-5.sub2-1,nil
52,root.page-12.sub1-5.sub2-2,nil
53,root.page-12.sub1-5.sub2-3,nil
54,root.page-12.sub1-5.sub2-4,nil
55,root.page-12.sub1-5.sub2-5,nil
56,root.page-13,nil
57,root.page-13.sub1-1,nil
58,root.page-13.sub1-1.sub2-1,nil
59,root.page-13.sub1-1.sub2-2,nil
60,root.page-13.sub1-2,nil
61,root.page-13.sub1-2.sub2-1,nil
62,root.page-13.sub1-3,nil
63,root.page-13.sub1-3.sub2-1,nil
64,root.page-13.sub1-3.sub2-2,nil
65,root.page-14,nil
66,root.page-14.sub1-1,nil
67,root.page-14.sub1-1.sub2-1,nil
68,root.page-14.sub1-1.sub2-2,nil
69,root.page-14.sub1-1.sub2-3,nil
70,root.page-14.sub1-1.sub2-4,nil
71,root.page-14.sub1-1.sub2-5,nil
72,root.page-14.sub1-2,nil
73,root.page-14.sub1-2.sub2-1,nil
74,root.page-14.sub1-2.sub2-2,nil
75,root.page-14.sub1-2.sub2-3,nil
76,root.page-14.sub1-2.sub2-4,nil
77,root.page-14.sub1-2.sub2-5,nil
78,root.page-14.sub1-3,nil
79,root.page-14.sub1-3.sub2-1,nil
80,root.page-14.sub1-3.sub2-2,nil
81,root.page-14.sub1-3.sub2-3,nil
82,root.page-14.sub1-4,nil
83,root.page-14.sub1-4.sub2-1,nil
84,root.page-14.sub1-4.sub2-2,nil
85,root.page-14.sub1-4.sub2-3,nil
86,root.page-14.sub1-4.sub2-4,nil
87,root.page-14.sub1-4.sub2-5,nil
88,root.page-14.sub1-5,nil
89,root.page-14.sub1-5.sub2-1,nil
90,root.page-14.sub1-5.sub2-2,nil
91,root.page-14.sub1-5.sub2-3,nil
92,root.page-14.sub1-5.sub2-4,nil
93,root.page-14.sub1-5.sub2-5,nil
94,root.page-15,nil
95,root.page-15.sub1-1,nil
96,root.page-15.sub1-1.sub2-1,nil
97,root.page-15.sub1-1.sub2-2,nil
98,root.page-15.sub1-1.sub2-3,nil
99,root.page-15.sub1-1.sub2-4,nil
100,root.page-15.sub1-1.sub2-5,nil
101,root.page-15.sub1-2,nil
102,root.page-15.sub1-2.sub2-1,nil
103,root.page-15.sub1-2.sub2-2,nil
104,root.page-15.sub1-2.sub2-3,nil
105,root.page-15.sub1-3,nil
106,root.page-15.sub1-3.sub2-1,nil
107,root.page-15.sub1-3.sub2-2,nil
108,root.page-15.sub1-3.sub2-3,nil
109,root.page-15.sub1-4,nil
110,root.page-15.sub1-4.sub2-1,nil
111,root.page-15.sub1-4.sub2-2,nil
112,root.page-15.sub1-4.sub2-3,nil
113,root.page-15.sub1-4.sub2-4,nil
114,root.page-15.sub1-4.sub2-5,nil
115,root.page-15.sub1-5,nil
116,root.page-15.sub1-5.sub2-1,nil
117,root.page-15.sub1-5.sub2-2,nil
118,root.page-16,nil
119,root.page-16.sub1-1,nil
120,root.page-16.sub1-1.sub2-1,nil
121,root.page-16.sub1-1.sub2-2,nil
122,root.page-16.sub1-1.sub2-3,nil
123,root.page-16.sub1-1.sub2-4,nil
124,root.page-16.sub1-1.sub2-5,nil
125,root.page-16.sub1-2,nil
126,root.page-16.sub1-2.sub2-1,nil
127,root.page-16.sub1-2.sub2-2,nil
128,root.page-16.sub1-2.sub2-3,nil
129,root.page-16.sub1-2.sub2-4,nil
130,root.page-16.sub1-2.sub2-5,nil
131,root.page-17,nil
132,root.page-17.sub1-1,nil
133,root.page-17.sub1-1.sub2-1,nil
134,root.page-17.sub1-1.sub2-2,nil
135,root.page-17.sub1-2,nil
136,root.page-17.sub1-2.sub2-1,nil
137,root.page-17.sub1-2.sub2-2,nil
138,root.page-2,nil
139,root.page-2.sub1-1,nil
140,root.page-2.sub1-1.sub2-1,nil
141,root.page-2.sub1-1.sub2-2,nil
142,root.page-2.sub1-1.sub2-3,nil
143,root.page-2.sub1-2,nil
144,root.page-2.sub1-2.sub2-1,nil
145,root.page-2.sub1-2.sub2-2,nil
146,root.page-3,nil
147,root.page-3.sub1-1,nil
148,root.page-3.sub1-1.sub2-1,nil
149,root.page-3.sub1-1.sub2-2,nil
150,root.page-3.sub1-1.sub2-3,nil
151,root.page-3.sub1-1.sub2-4,nil
152,root.page-3.sub1-1.sub2-5,nil
153,root.page-3.sub1-2,nil
154,root.page-3.sub1-2.sub2-1,nil
155,root.page-3.sub1-2.sub2-2,nil
156,root.page-3.sub1-2.sub2-3,nil
157,root.page-3.sub1-2.sub2-4,nil
158,root.page-3.sub1-2.sub2-5,nil
159,root.page-4,nil
160,root.page-4.sub1-1,nil
161,root.page-4.sub1-1.sub2-1,nil
162,root.page-4.sub1-1.sub2-2,nil
163,root.page-4.sub1-2,nil
164,root.page-4.sub1-2.sub2-1,nil
165,root.page-4.sub1-2.sub2-2,nil
166,root.page-5,nil
167,root.page-5.sub1-1,nil
168,root.page-5.sub1-1.sub2-1,nil
169,root.page-5.sub1-1.sub2-2,nil
170,root.page-5.sub1-1.sub2-3,nil
171,root.page-5.sub1-1.sub2-4,nil
172,root.page-5.sub1-1.sub2-5,nil
173,root.page-5.sub1-2,nil
174,root.page-5.sub1-2.sub2-1,nil
175,root.page-5.sub1-2.sub2-2,nil
176,root.page-5.sub1-2.sub2-3,nil
177,root.page-5.sub1-2.sub2-4,nil
178,root.page-5.sub1-2.sub2-5,nil
179,root.page-5.sub1-3,nil
180,root.page-5.sub1-3.sub2-1,nil
181,root.page-5.sub1-3.sub2-2,nil
182,root.page-5.sub1-3.sub2-3,nil
183,root.page-5.sub1-4,nil
184,root.page-5.sub1-4.sub2-1,nil
185,root.page-5.sub1-4.sub2-2,nil
186,root.page-5.sub1-4.sub2-3,nil
187,root.page-5.sub1-4.sub2-4,nil
188,root.page-5.sub1-4.sub2-5,nil
189,root.page-5.sub1-5,nil
190,root.page-5.sub1-5.sub2-1,nil
191,root.page-5.sub1-5.sub2-2,nil
192,root.page-5.sub1-5.sub2-3,nil
193,root.page-5.sub1-5.sub2-4,nil
194,root.page-5.sub1-5.sub2-5,nil
195,root.page-6,nil
196,root.page-6.sub1-1,nil
197,root.page-6.sub1-1.sub2-1,nil
198,root.page-6.sub1-1.sub2-2,nil
199,root.page-7,nil
200,root.page-7.sub1-1,nil
201,root.page-7.sub1-1.sub2-1,nil
202,root.page-7.sub1-1.sub2-2,nil
203,root.page-7.sub1-1.sub2-3,nil
204,root.page-7.sub1-1.sub2-4,nil
205,root.page-7.sub1-1.sub2-5,nil
206,root.page-8,nil
207,root.page-8.sub1-1,nil
208,root.page-8.sub1-1.sub2-1,nil
209,root.page-8.sub1-1.sub2-2,nil
210,root.page-8.sub1-1.sub2-3,nil
211,root.page-8.sub1-1.sub2-4,nil
212,root.page-8.sub1-1.sub2-5,nil
213,root.page-8.sub1-2,nil
214,root.page-8.sub1-2.sub2-1,nil
215,root.page-8.sub1-2.sub2-2,nil
216,root.page-8.sub1-2.sub2-3,nil
217,root.page-8.sub1-2.sub2-4,nil
218,root.page-8.sub1-2.sub2-5,nil
219,root.page-8.sub1-3,nil
220,root.page-8.sub1-3.sub2-1,nil
221,root.page-8.sub1-3.sub2-2,nil
222,root.page-8.sub1-3.sub2-3,nil
223,root.page-8.sub1-3.sub2-4,nil
224,root.page-8.sub1-3.sub2-5,nil
225,root.page-8.sub1-4,nil
226,root.page-8.sub1-4.sub2-1,nil
227,root.page-8.sub1-4.sub2-2,nil
228,root.page-8.sub1-4.sub2-3,nil
229,root.page-8.sub1-4.sub2-4,nil
230,root.page-8.sub1-4.sub2-5,nil
231,root.page-8.sub1-5,nil
232,root.page-8.sub1-5.sub2-1,nil
233,root.page-8.sub1-5.sub2-2,nil
234,root.page-8.sub1-5.sub2-3,nil
235,root.page-8.sub1-5.sub2-4,nil
236,root.page-8.sub1-5.sub2-5,nil
237,root.page-9,nil
238,root.page-9.sub1-1,nil
239,root.page-9.sub1-1.sub2-1,nil
240,root.page-9.sub1-1.sub2-2,nil
241,root.page-9.sub1-1.sub2-3,nil
242,root.page-9.sub1-1.sub2-4,nil
243,root.page-9.sub1-1.sub2-5,nil
244,root.page-9.sub1-2,nil
245,root.page-9.sub1-2.sub2-1,nil
246,root.page-9.sub1-2.sub2-2,nil
247,root.page-9.sub1-2.sub2-3,nil
248,root.page-9.sub1-2.sub2-4,nil
249,root.page-9.sub1-2.sub2-5,nil
250,root.page-9.sub1-3,nil
251,root.page-9.sub1-3.sub2-1,nil
252,root.page-9.sub1-3.sub2-2,nil
253,root.page-9.sub1-3.sub2-3,nil
254,root.page-9.sub1-3.sub2-4,nil
255,root.page-9.sub1-3.sub2-5,nil
256,root.page-9.sub1-4,nil
257,root.page-9.sub1-5,nil
258,root.page-9.sub1-5.sub2-1,nil
259,root.page-9.sub1-5.sub2-2,nil
260,root.page-9.sub1-5.sub2-3,nil
261,root.page-9.sub1-5.sub2-4,nil
262,root.page-9.sub1-5.sub2-5,nil
